date,close,high,low,volume
1997-01-02,42.63,43.13,42.13,953900.0
1997-01-03,43.38,43.63,43.0,932100.0
1997-01-06,44.0,44.25,43.25,1222100.0
1997-01-07,43.75,44.0,43.5,829600.0
1997-01-08,43.75,44.0,43.63,636900.0
1997-01-09,43.88,44.13,43.5,718600.0
1997-01-10,44.13,44.25,43.0,859400.0
1997-01-13,45.0,45.13,44.5,990200.0
1997-01-14,44.75,45.0,44.5,490300.0
1997-01-15,44.38,44.88,44.19,573400.0
1997-01-16,44.25,44.75,43.88,536300.0
1997-01-17,45.0,45.0,44.13,780100.0
1997-01-20,44.75,45.0,44.5,559900.0
1997-01-21,44.5,44.75,43.75,796400.0
1997-01-22,43.5,44.38,42.88,1035000.0
1997-01-23,43.0,43.63,42.75,876100.0
1997-01-24,42.13,43.0,42.13,1652000.0
1997-01-27,41.13,42.38,41.13,2305000.0
1997-01-28,40.25,41.63,40.25,2396000.0
1997-01-29,41.0,41.25,40.5,1794000.0
1997-01-30,41.25,41.5,41.13,1176500.0
1997-01-31,41.25,41.5,41.25,710500.0
1997-02-03,41.13,41.38,41.0,1147900.0
1997-02-04,41.13,41.38,40.75,1073300.0
1997-02-05,41.0,41.5,41.0,1672000.0
1997-02-06,41.13,41.38,41.0,653700.0
1997-02-07,41.0,41.5,41.0,991800.0
1997-02-10,40.75,41.25,40.63,784600.0
1997-02-11,41.13,41.13,40.5,1040400.0
1997-02-12,42.0,42.13,41.25,919600.0
1997-02-13,42.25,42.75,41.88,898300.0
1997-02-14,42.38,42.63,42.13,637400.0
1997-02-18,42.38,43.0,42.13,791600.0
1997-02-19,42.0,42.25,41.75,957700.0
1997-02-20,41.13,41.75,41.0,714900.0
1997-02-21,41.63,41.63,41.13,677100.0
1997-02-24,41.25,41.75,41.13,694100.0
1997-02-25,41.13,41.38,40.88,913800.0
1997-02-26,40.75,41.38,40.13,1994000.0
1997-02-27,39.88,40.5,39.88,963200.0
1997-02-28,39.88,40.13,39.5,691000.0
1997-03-03,39.75,40.0,39.63,913700.0
1997-03-04,40.25,40.5,39.75,1147500.0
1997-03-05,40.25,40.5,39.88,733600.0
1997-03-06,40.13,40.75,40.0,587100.0
1997-03-07,40.13,40.5,39.88,643400.0
1997-03-10,40.13,40.25,39.88,711500.0
1997-03-11,40.13,40.38,39.88,983400.0
1997-03-12,40.63,41.13,40.0,1958000.0
1997-03-13,40.25,40.63,40.0,1062500.0
1997-03-14,40.75,40.75,40.0,611200.0
1997-03-17,40.38,40.63,40.13,585500.0
1997-03-18,39.63,40.88,39.0,1139100.0
1997-03-19,39.25,39.88,38.38,1266400.0
1997-03-20,40.0,40.13,39.0,1736000.0
1997-03-21,41.0,41.0,40.0,1284900.0
1997-03-24,40.13,40.75,40.0,600800.0
1997-03-25,39.75,40.5,39.63,673800.0
1997-03-26,39.5,39.88,39.5,633600.0
1997-03-27,38.63,39.75,38.5,740500.0
1997-03-31,38.13,38.5,37.88,831800.0
1997-04-01,38.0,38.38,37.88,1185900.0
1997-04-02,38.0,38.13,37.63,948500.0
1997-04-03,37.25,38.13,37.0,1106700.0
1997-04-04,37.0,37.0,36.38,825500.0
1997-04-07,37.63,37.63,37.0,676400.0
1997-04-08,37.25,37.5,37.13,524700.0
1997-04-09,37.13,38.0,37.0,775800.0
1997-04-10,37.0,37.5,36.88,745500.0
1997-04-11,35.88,36.75,35.63,753000.0
1997-04-14,37.5,37.5,35.75,1047000.0
1997-04-15,37.13,38.13,36.38,2268000.0
1997-04-16,37.0,37.13,36.63,1286000.0
1997-04-17,37.0,37.13,36.75,1217700.0
1997-04-18,37.13,37.13,36.88,764500.0
1997-04-21,37.0,37.5,36.88,1000700.0
1997-04-22,37.25,37.25,36.75,525000.0
1997-04-23,37.0,37.13,36.75,664400.0
1997-04-24,37.13,37.5,36.88,1006200.0
1997-04-25,36.88,37.25,36.63,516700.0
1997-04-28,37.0,37.0,36.88,484800.0
1997-04-29,37.0,37.38,36.75,915200.0
1997-04-30,37.63,37.88,36.88,960300.0
1997-05-01,38.25,38.38,38.0,873400.0
1997-05-02,39.25,39.5,38.5,1301400.0
1997-05-05,39.75,39.88,38.75,924500.0
1997-05-06,39.75,40.0,39.25,689300.0
1997-05-07,39.5,40.0,39.38,523000.0
1997-05-08,40.25,40.75,39.5,890200.0
1997-05-09,40.75,40.88,40.13,500700.0
1997-05-12,41.38,41.5,40.63,666300.0
1997-05-13,41.25,41.63,40.75,722900.0
1997-05-14,40.88,41.63,40.88,545900.0
1997-05-15,40.5,41.0,40.38,412000.0
1997-05-16,40.63,40.75,40.25,719000.0
1997-05-19,40.63,40.88,40.63,486600.0
1997-05-20,40.88,41.0,40.25,800000.0
1997-05-21,40.5,41.13,40.38,688800.0
1997-05-22,40.25,40.38,40.0,747200.0
1997-05-23,40.25,40.63,40.25,611800.0
1997-05-27,40.13,40.75,39.88,721600.0
1997-05-28,40.88,41.13,40.25,1064300.0
1997-05-29,40.63,41.13,40.38,619900.0
1997-05-30,40.75,41.13,40.38,597300.0
1997-06-02,40.0,40.88,39.5,1778000.0
1997-06-03,40.5,40.63,39.5,1981000.0
1997-06-04,40.25,40.63,40.13,1160000.0
1997-06-05,40.38,40.63,40.13,1014200.0
1997-06-06,40.88,41.38,40.25,812200.0
1997-06-09,40.88,41.0,40.63,787900.0
1997-06-10,40.75,41.25,39.88,706300.0
1997-06-11,41.25,41.5,40.63,754800.0
1997-06-12,41.63,42.13,41.38,1416500.0
1997-06-13,42.38,42.38,41.75,1053500.0
1997-06-16,41.88,42.5,41.63,808700.0
1997-06-17,41.5,42.0,41.38,904800.0
1997-06-18,41.5,41.63,41.25,483900.0
1997-06-19,41.0,41.88,40.88,922700.0
1997-06-20,40.25,41.0,39.75,2039000.0
1997-06-23,39.88,40.25,39.5,1483700.0
1997-06-24,39.13,40.13,39.06,1388800.0
1997-06-25,39.88,40.5,39.25,1034900.0
1997-06-26,40.13,40.63,39.75,983600.0
1997-06-27,40.19,40.5,40.13,499500.0
1997-06-30,40.81,40.81,40.13,1022000.0
1997-07-01,41.44,41.75,40.88,2018000.0
1997-07-02,41.75,41.75,40.94,1247500.0
1997-07-03,41.94,42.0,41.63,582600.0
1997-07-07,41.38,42.0,41.19,830300.0
1997-07-08,41.88,42.0,41.44,1411600.0
1997-07-09,41.13,42.0,40.75,837500.0
1997-07-10,41.0,41.94,41.0,759700.0
1997-07-11,40.88,41.75,40.31,929700.0
1997-07-14,40.25,41.0,39.75,1493700.0
1997-07-15,39.0,39.56,37.88,4458000.0
1997-07-16,38.25,38.94,37.0,4042000.0
1997-07-17,38.94,38.94,38.19,1424100.0
1997-07-18,38.5,38.75,38.06,1335000.0
1997-07-21,37.94,38.44,37.88,1710000.0
1997-07-22,38.38,38.69,37.0,1973000.0
1997-07-23,38.19,38.5,38.19,1954000.0
1997-07-24,38.63,38.63,38.06,1546200.0
1997-07-25,38.25,38.5,38.0,1344400.0
1997-07-28,38.0,38.5,37.81,589500.0
1997-07-29,37.88,38.13,37.44,873900.0
1997-07-30,37.81,38.38,37.56,890400.0
1997-07-31,37.88,37.94,37.5,746900.0
1997-08-01,37.88,38.0,37.13,668300.0
1997-08-04,37.56,37.69,37.25,774000.0
1997-08-05,38.0,38.25,37.5,1274500.0
1997-08-06,37.56,37.69,37.25,1419800.0
1997-08-07,37.13,37.88,36.94,2293000.0
1997-08-08,36.88,37.06,36.5,1736000.0
1997-08-11,36.75,37.13,36.69,885300.0
1997-08-12,36.25,37.0,36.0,1393500.0
1997-08-13,36.44,36.56,35.94,647600.0
1997-08-14,36.25,37.0,35.69,942800.0
1997-08-15,35.63,36.44,35.56,807200.0
1997-08-18,35.81,35.94,35.0,827100.0
1997-08-19,36.69,36.75,35.56,1082200.0
1997-08-20,36.94,37.0,36.56,658800.0
1997-08-21,36.25,36.81,36.06,703300.0
1997-08-22,36.75,36.75,35.88,543000.0
1997-08-25,36.94,36.94,36.19,587200.0
1997-08-26,37.56,37.63,36.63,945800.0
1997-08-27,37.56,37.94,37.0,782500.0
1997-08-28,37.81,37.94,37.13,1064800.0
1997-08-29,38.5,38.63,37.69,1468500.0
1997-09-02,39.25,39.44,38.44,1169600.0
1997-09-03,39.81,40.0,39.25,1395400.0
1997-09-04,39.63,39.94,39.5,934300.0
1997-09-05,39.06,40.13,39.06,1156500.0
1997-09-08,39.38,39.5,39.06,841600.0
1997-09-09,39.88,40.06,39.0,1033400.0
1997-09-10,38.88,39.75,38.88,426700.0
1997-09-11,38.06,38.75,37.5,1769000.0
1997-09-12,38.75,38.81,37.38,1379200.0
1997-09-15,39.5,40.0,38.69,982100.0
1997-09-16,39.75,39.88,39.44,508400.0
1997-09-17,38.94,39.94,38.81,708200.0
1997-09-18,39.13,39.25,38.25,1082900.0
1997-09-19,39.06,39.44,38.88,782500.0
1997-09-22,39.31,39.31,39.0,429800.0
1997-09-23,39.19,39.38,39.0,547200.0
1997-09-24,39.56,39.88,39.25,879800.0
1997-09-25,39.19,39.56,39.0,969500.0
1997-09-26,39.06,39.44,39.0,610500.0
1997-09-29,38.94,39.0,38.31,523900.0
1997-09-30,38.5,39.06,37.94,888200.0
1997-10-01,38.81,39.13,38.5,732300.0
1997-10-02,39.5,39.56,38.75,1571100.0
1997-10-03,39.13,39.81,38.69,907800.0
1997-10-06,39.69,39.69,38.94,647100.0
1997-10-07,39.56,40.38,39.25,953400.0
1997-10-08,38.81,39.63,38.06,503200.0
1997-10-09,38.0,38.75,37.44,946800.0
1997-10-10,38.31,38.38,37.5,783800.0
1997-10-13,38.88,39.44,38.88,612600.0
1997-10-14,39.63,40.0,38.06,1139200.0
1997-10-15,40.81,40.94,40.0,1787000.0
1997-10-16,41.56,41.94,40.75,1384800.0
1997-10-17,41.13,41.81,40.75,952600.0
1997-10-20,40.75,41.19,40.69,609900.0
1997-10-21,40.63,40.88,40.5,1355200.0
1997-10-22,40.75,40.88,40.25,1041800.0
1997-10-23,40.06,40.5,39.81,840800.0
1997-10-24,40.5,40.56,40.13,805900.0
1997-10-27,38.75,40.31,38.5,747100.0
1997-10-28,38.5,38.75,37.44,2373000.0
1997-10-29,38.81,39.94,38.81,907500.0
1997-10-30,38.0,39.25,38.0,1262800.0
1997-10-31,38.0,38.69,37.69,634100.0
1997-11-03,38.5,38.94,38.38,809800.0
1997-11-04,38.31,38.63,37.88,1053200.0
1997-11-05,38.25,38.5,38.25,819800.0
1997-11-06,37.44,38.25,37.44,761300.0
1997-11-07,37.0,37.38,36.25,815500.0
1997-11-10,36.69,37.38,36.63,1197200.0
1997-11-11,36.63,36.94,36.63,769200.0
1997-11-12,36.06,37.44,36.0,1161100.0
1997-11-13,35.88,36.19,35.31,814500.0
1997-11-14,36.19,36.31,35.75,969300.0
1997-11-17,36.81,37.56,36.81,714800.0
1997-11-18,36.94,37.75,36.56,1590700.0
1997-11-19,37.81,37.88,36.88,1281400.0
1997-11-20,38.19,38.38,37.88,891800.0
1997-11-21,38.81,39.0,38.31,1414200.0
1997-11-24,38.56,38.81,38.38,685600.0
1997-11-25,38.5,39.0,38.38,1088500.0
1997-11-26,38.63,38.81,38.06,556900.0
1997-11-28,38.69,38.94,38.69,251400.0
1997-12-01,39.19,39.5,38.75,745100.0
1997-12-02,38.56,39.69,38.38,909300.0
1997-12-03,38.5,39.06,38.38,1475700.0
1997-12-04,38.75,39.25,38.56,530400.0
1997-12-05,39.38,40.25,38.63,1762000.0
1997-12-08,39.88,40.19,39.31,1052400.0
1997-12-09,40.19,40.38,39.25,850700.0
1997-12-10,40.56,40.63,39.94,1061000.0
1997-12-11,40.63,41.69,40.38,1462700.0
1997-12-12,40.69,40.94,39.69,1418500.0
1997-12-15,40.69,41.19,40.5,1096200.0
1997-12-16,40.19,41.25,39.88,1002600.0
1997-12-17,39.81,40.63,39.81,888100.0
1997-12-18,40.0,40.13,39.13,724900.0
1997-12-19,40.13,40.25,39.0,1259500.0
1997-12-22,40.5,40.63,39.19,877800.0
1997-12-23,40.5,40.81,39.75,642300.0
1997-12-24,40.0,40.38,39.69,346300.0
1997-12-26,39.75,40.31,39.75,101200.0
1997-12-29,40.69,40.81,40.25,386000.0
1997-12-30,40.94,41.25,40.69,588500.0
1997-12-31,41.56,41.56,40.44,685100.0
1998-01-02,40.75,41.56,40.38,646600.0
1998-01-05,40.0,41.19,39.63,985400.0
1998-01-06,38.75,39.69,38.13,2036000.0
1998-01-07,39.0,39.0,38.19,1681000.0
1998-01-08,38.5,39.0,38.19,1141700.0
1998-01-09,39.31,39.5,38.44,1329700.0
1998-01-12,39.38,39.75,38.88,1298000.0
1998-01-13,40.5,40.69,39.25,1178800.0
1998-01-14,40.0,41.0,39.75,1176300.0
1998-01-15,39.81,40.06,39.75,980100.0
1998-01-16,40.13,40.75,40.0,1330400.0
1998-01-20,42.06,42.38,40.44,1932000.0
1998-01-21,42.25,42.38,41.25,1292500.0
1998-01-22,42.63,42.94,42.0,2221000.0
1998-01-23,41.63,43.0,41.5,1527200.0
1998-01-26,40.19,41.88,40.0,1958000.0
1998-01-27,41.13,41.38,40.44,1651000.0
1998-01-28,40.94,41.38,40.81,793200.0
1998-01-29,40.81,41.19,40.38,1248400.0
1998-01-30,41.44,41.88,40.94,1048700.0
1998-02-02,42.0,42.56,41.75,1312900.0
1998-02-03,42.44,42.75,41.94,1171700.0
1998-02-04,42.44,42.56,42.25,884100.0
1998-02-05,42.31,42.75,42.0,896400.0
1998-02-06,41.81,42.31,41.63,481300.0
1998-02-09,41.94,42.13,41.5,604700.0
1998-02-10,42.44,42.75,41.81,1093100.0
1998-02-11,42.0,42.5,41.75,822400.0
1998-02-12,43.25,43.31,41.69,978200.0
1998-02-13,43.31,43.38,42.69,573500.0
1998-02-17,43.94,44.13,43.19,1301600.0
1998-02-18,44.5,44.5,43.81,1425400.0
1998-02-19,45.63,45.75,44.38,2736000.0
1998-02-20,45.63,46.06,45.0,1171200.0
1998-02-23,45.0,45.5,44.56,985200.0
1998-02-24,44.38,44.94,44.0,1364500.0
1998-02-25,46.38,46.38,44.5,2209000.0
1998-02-26,46.94,47.63,46.13,2412000.0
1998-02-27,47.0,47.13,46.0,861900.0
1998-03-02,46.88,46.94,46.25,602300.0
1998-03-03,46.88,47.19,46.63,688600.0
1998-03-04,46.75,47.19,46.38,658100.0
1998-03-05,47.19,47.25,46.13,837900.0
1998-03-06,47.69,48.0,46.81,1048200.0
1998-03-09,47.63,47.88,47.25,668300.0
1998-03-10,47.75,47.94,47.56,877800.0
1998-03-11,47.5,47.69,47.19,712600.0
1998-03-12,47.63,47.69,47.0,684400.0
1998-03-13,46.81,47.44,46.44,1061600.0
1998-03-16,46.0,46.94,45.63,766500.0
1998-03-17,45.88,46.31,45.63,477100.0
1998-03-18,46.88,47.0,45.94,934500.0
1998-03-19,46.94,47.13,46.63,356700.0
1998-03-20,47.25,47.38,46.63,733800.0
1998-03-23,47.5,47.88,47.0,938200.0
1998-03-24,47.38,47.94,47.25,820900.0
1998-03-25,47.25,47.63,46.94,561800.0
1998-03-26,46.69,47.38,46.63,666100.0
1998-03-27,46.25,47.0,46.06,499700.0
1998-03-30,46.0,46.38,45.5,796000.0
1998-03-31,46.38,46.88,45.88,551600.0
1998-04-01,46.38,46.44,45.94,494000.0
1998-04-02,46.81,47.25,46.25,1017300.0
1998-04-03,46.94,47.19,46.63,568900.0
1998-04-06,46.38,47.38,46.38,746900.0
1998-04-07,46.81,46.94,46.44,429600.0
1998-04-08,45.94,46.75,45.56,564300.0
1998-04-09,47.44,47.63,46.06,1429800.0
1998-04-13,47.25,47.56,46.81,609900.0
1998-04-14,50.0,51.5,47.56,4222000.0
1998-04-15,50.63,51.13,50.19,3676000.0
1998-04-16,50.13,50.44,49.75,2097000.0
1998-04-17,51.81,52.13,49.88,2597000.0
1998-04-20,51.44,52.0,50.63,1179100.0
1998-04-21,51.13,51.56,50.31,1835000.0
1998-04-22,49.94,50.69,49.75,1319100.0
1998-04-23,49.44,49.94,48.94,2041000.0
1998-04-24,48.56,49.0,48.31,706400.0
1998-04-27,47.75,48.5,47.44,963600.0
1998-04-28,48.75,49.19,48.06,1451500.0
1998-04-29,48.44,48.69,48.25,901000.0
1998-04-30,49.19,49.5,48.25,1435800.0
1998-05-01,50.75,51.13,49.19,1555800.0
1998-05-04,50.06,51.94,49.94,708500.0
1998-05-05,52.25,52.25,50.25,6938000.0
1998-05-06,52.63,52.94,51.75,2363000.0
1998-05-07,52.75,52.88,52.0,1760000.0
1998-05-08,52.94,52.94,52.31,1198000.0
1998-05-11,53.0,53.19,52.5,939600.0
1998-05-12,52.94,53.31,51.5,1000600.0
1998-05-13,52.31,52.63,52.19,2064000.0
1998-05-14,51.38,52.25,51.19,1650000.0
1998-05-15,50.75,51.94,50.75,953600.0
1998-05-18,51.38,51.5,50.81,648700.0
1998-05-19,51.13,51.69,50.88,888600.0
1998-05-20,51.0,51.13,50.5,803300.0
1998-05-21,50.5,51.31,50.38,609400.0
1998-05-22,50.06,50.63,49.63,522100.0
1998-05-26,49.69,50.44,49.56,1054100.0
1998-05-27,48.88,49.44,48.56,3544000.0
1998-05-28,49.88,50.13,48.69,1429800.0
1998-05-29,50.13,50.19,49.63,656300.0
1998-06-01,49.75,50.69,49.31,678900.0
1998-06-02,50.25,50.44,49.69,797200.0
1998-06-03,49.88,50.75,49.81,658900.0
1998-06-04,50.13,50.38,49.75,832200.0
1998-06-05,51.5,51.56,50.19,766400.0
1998-06-08,51.75,51.94,51.19,641800.0
1998-06-09,50.81,52.0,50.5,754800.0
1998-06-10,50.5,51.19,50.25,910900.0
1998-06-11,49.75,50.5,49.63,730100.0
1998-06-12,49.88,50.06,49.5,707600.0
1998-06-15,49.38,49.63,48.44,1278600.0
1998-06-16,48.81,49.5,48.69,586700.0
1998-06-17,49.75,50.0,48.94,969500.0
1998-06-18,49.63,49.94,49.31,428700.0
1998-06-19,49.81,50.13,49.19,1001400.0
1998-06-22,49.63,50.69,49.63,994400.0
1998-06-23,49.63,50.19,49.5,705600.0
1998-06-24,49.38,49.63,49.13,953700.0
1998-06-25,49.94,50.38,49.25,898100.0
1998-06-26,50.63,51.06,49.81,1287500.0
1998-06-29,52.19,52.44,51.0,1341500.0
1998-06-30,54.06,54.31,52.19,1577700.0
1998-07-01,53.88,54.63,53.5,1248200.0
1998-07-02,54.25,55.06,53.94,1617000.0
1998-07-06,54.56,54.88,54.25,657200.0
1998-07-07,54.44,54.75,54.25,686000.0
1998-07-08,54.5,54.69,54.06,697200.0
1998-07-09,54.5,54.63,54.25,1280400.0
1998-07-10,54.69,54.81,54.19,587400.0
1998-07-13,55.63,55.94,54.75,1261400.0
1998-07-14,55.75,56.75,55.13,1482400.0
1998-07-15,56.06,57.06,55.0,1115500.0
1998-07-16,57.75,57.75,55.94,1506900.0
1998-07-17,57.94,58.19,57.25,952100.0
1998-07-20,56.69,58.44,56.13,1158800.0
1998-07-21,56.44,56.63,55.81,550800.0
1998-07-22,56.5,56.5,55.81,544300.0
1998-07-23,56.5,56.56,55.56,1133100.0
1998-07-24,55.25,56.63,54.13,1688000.0
1998-07-27,54.88,55.0,53.88,1287200.0
1998-07-28,54.25,55.25,53.44,1169500.0
1998-07-29,53.69,54.63,53.63,1455000.0
1998-07-30,54.19,54.44,53.5,888800.0
1998-07-31,52.94,54.13,52.25,977700.0
1998-08-03,52.13,53.31,52.0,932500.0
1998-08-04,50.0,52.63,49.88,2129000.0
1998-08-05,49.25,50.44,48.13,1744000.0
1998-08-06,48.5,49.25,47.94,1376700.0
1998-08-07,49.75,50.25,48.44,1008900.0
1998-08-10,49.25,49.56,48.63,574400.0
1998-08-11,47.75,48.88,47.5,890400.0
1998-08-12,47.75,48.44,47.63,1097500.0
1998-08-13,47.56,48.19,46.88,676800.0
1998-08-14,46.75,47.94,46.31,603400.0
1998-08-17,47.56,48.25,46.56,1111200.0
1998-08-18,47.44,47.88,46.94,614600.0
1998-08-19,49.06,49.66,47.63,954300.0
1998-08-20,49.06,49.38,48.63,488100.0
1998-08-21,47.38,48.38,45.88,1394000.0
1998-08-24,47.06,48.06,46.88,1014500.0
1998-08-25,47.25,47.94,47.19,1293800.0
1998-08-26,47.31,47.75,47.0,946200.0
1998-08-27,46.0,47.25,45.38,934400.0
1998-08-28,44.06,46.5,43.94,1574700.0
1998-08-31,42.31,45.63,41.88,1948000.0
1998-09-01,43.13,43.38,40.63,1568000.0
1998-09-02,44.5,45.69,42.94,1145700.0
1998-09-03,43.69,44.75,43.19,1626000.0
1998-09-04,43.44,44.5,42.75,848500.0
1998-09-08,45.0,46.06,43.88,773600.0
1998-09-09,44.75,46.5,44.34,909800.0
1998-09-10,44.19,44.5,43.81,1099500.0
1998-09-11,45.94,46.13,43.81,1236000.0
1998-09-14,49.75,49.81,46.81,1594100.0
1998-09-15,50.63,50.63,48.81,871100.0
1998-09-16,51.69,51.75,50.5,1102700.0
1998-09-17,50.0,50.63,49.56,788500.0
1998-09-18,50.0,50.63,49.13,1028700.0
1998-09-21,50.75,51.31,48.75,846300.0
1998-09-22,50.69,50.94,49.75,654200.0
1998-09-23,53.75,53.75,50.94,1162700.0
1998-09-24,53.0,54.0,52.63,1149700.0
1998-09-25,52.0,52.88,51.88,1063300.0
1998-09-28,51.13,52.25,51.0,590300.0
1998-09-29,52.0,52.0,51.13,410300.0
1998-09-30,53.5,53.56,52.06,1575700.0
1998-10-01,51.38,52.5,51.13,1218400.0
1998-10-02,52.13,52.88,51.25,1531500.0
1998-10-05,53.0,53.44,51.88,931200.0
1998-10-06,52.0,53.38,51.75,831900.0
1998-10-07,52.0,53.06,51.0,840300.0
1998-10-08,51.38,52.13,50.5,747100.0
1998-10-09,51.38,51.88,49.5,965700.0
1998-10-12,50.94,52.13,50.63,569800.0
1998-10-13,51.19,52.31,50.0,921800.0
1998-10-14,51.31,51.81,51.25,1265700.0
1998-10-15,52.19,52.63,50.56,1204800.0
1998-10-16,53.13,53.5,52.25,1782000.0
1998-10-19,52.56,53.13,52.25,541700.0
1998-10-20,52.94,53.38,52.56,806800.0
1998-10-21,52.75,53.25,51.5,609700.0
1998-10-22,52.13,52.5,51.5,606000.0
1998-10-23,52.5,52.56,51.38,765300.0
1998-10-26,52.0,53.13,51.81,744900.0
1998-10-27,52.19,53.13,52.0,972500.0
1998-10-28,51.63,52.5,51.5,481900.0
1998-10-29,52.13,52.13,50.75,940800.0
1998-10-30,52.75,53.25,52.13,690300.0
1998-11-02,53.69,53.75,52.13,1000400.0
1998-11-03,55.06,55.19,53.88,2270000.0
1998-11-04,56.13,56.94,55.25,2119000.0
1998-11-05,56.0,56.13,55.56,724300.0
1998-11-06,55.81,56.0,55.13,700500.0
1998-11-09,58.31,58.44,56.88,1831000.0
1998-11-10,56.44,57.56,56.38,1957000.0
1998-11-11,55.0,56.44,54.44,1171100.0
1998-11-12,54.88,55.25,53.94,1146100.0
1998-11-13,54.06,55.63,53.88,1115900.0
1998-11-16,54.81,55.0,53.81,871800.0
1998-11-17,53.94,54.56,53.63,963500.0
1998-11-18,55.0,55.13,53.38,679600.0
1998-11-19,55.13,56.06,54.88,586900.0
1998-11-20,55.63,55.94,55.0,614200.0
1998-11-23,56.31,56.81,55.69,703200.0
1998-11-24,56.0,56.81,55.0,567400.0
1998-11-25,54.94,56.13,54.75,425400.0
1998-11-27,54.19,55.44,54.0,193100.0
1998-11-30,52.5,54.19,52.25,517800.0
1998-12-01,52.69,53.0,52.13,567600.0
1998-12-02,51.81,52.31,51.0,475900.0
1998-12-03,51.88,52.19,51.25,1151200.0
1998-12-04,54.75,55.19,52.38,1387700.0
1998-12-07,54.06,55.0,53.75,847400.0
1998-12-08,54.31,56.0,54.0,1321800.0
1998-12-09,54.44,55.38,54.13,692100.0
1998-12-10,54.19,54.56,54.0,567800.0
1998-12-11,54.0,54.44,54.0,443300.0
1998-12-14,53.88,54.56,53.63,1245500.0
1998-12-15,53.44,54.0,52.56,668500.0
1998-12-16,55.13,55.75,54.94,1179200.0
1998-12-17,55.88,55.88,55.0,748200.0
1998-12-18,56.13,56.81,55.06,864500.0
1998-12-21,56.88,57.25,55.75,737100.0
1998-12-22,57.38,57.44,56.44,899100.0
1998-12-23,58.69,58.69,57.13,936100.0
1998-12-24,58.31,58.75,58.0,226200.0
1998-12-28,57.13,58.31,56.88,444700.0
1998-12-29,57.31,58.5,57.13,566200.0
1998-12-30,56.63,57.38,56.38,302100.0
1998-12-31,57.06,57.56,56.0,435200.0
1999-01-04,59.25,59.5,57.5,1332700.0
1999-01-05,59.0,60.13,58.88,1177100.0
1999-01-06,59.44,59.75,58.44,1204800.0
1999-01-07,62.0,62.88,58.63,1427200.0
1999-01-08,65.13,65.38,62.25,2389000.0
1999-01-11,64.44,66.25,63.56,1387300.0
1999-01-12,66.88,67.13,64.06,2118000.0
1999-01-13,63.63,65.0,63.13,2986000.0
1999-01-14,60.5,63.94,59.88,1161600.0
1999-01-15,63.81,64.5,60.75,1009700.0
1999-01-19,65.0,65.38,62.88,1469200.0
1999-01-20,65.06,65.44,63.88,1817000.0
1999-01-21,66.0,66.88,64.81,2916000.0
1999-01-22,66.31,66.94,65.06,1972000.0
1999-01-25,65.38,66.94,64.31,1453600.0
1999-01-26,64.38,65.38,63.75,1079700.0
1999-01-27,64.19,65.5,63.75,1374000.0
1999-01-28,65.19,65.44,63.88,1089300.0
1999-01-29,66.0,66.5,64.75,1464100.0
1999-02-01,65.94,67.38,65.56,930900.0
1999-02-02,64.81,65.5,63.25,996400.0
1999-02-03,64.06,64.38,63.25,938200.0
1999-02-04,61.75,63.94,61.19,1340800.0
1999-02-05,62.94,63.31,61.81,1134900.0
1999-02-08,64.69,64.75,62.0,1131600.0
1999-02-09,63.88,64.44,63.38,1213200.0
1999-02-10,63.06,64.0,62.38,834000.0
1999-02-11,62.69,63.0,61.75,1493000.0
1999-02-12,62.69,63.75,62.69,6028000.0
1999-02-16,63.13,63.5,62.69,1221600.0
1999-02-17,61.94,63.13,61.56,1194100.0
1999-02-18,61.31,62.25,60.69,1829000.0
1999-02-19,62.5,62.75,60.88,632500.0
1999-02-22,64.0,64.56,61.25,1007500.0
1999-02-23,65.31,66.0,63.75,1889000.0
1999-02-24,68.25,68.88,65.19,2006000.0
1999-02-25,66.0,67.13,64.63,1391800.0
1999-02-26,65.0,66.31,64.13,1003200.0
1999-03-01,63.5,65.06,63.0,1743000.0
1999-03-02,62.63,64.31,61.94,939500.0
1999-03-03,63.38,63.56,62.31,987700.0
1999-03-04,65.0,65.31,63.5,1169200.0
1999-03-05,65.88,66.13,65.44,758400.0
1999-03-08,66.69,67.0,65.38,836500.0
1999-03-09,67.75,68.44,66.06,1477800.0
1999-03-10,70.0,70.13,68.0,1672000.0
1999-03-11,70.56,71.19,69.69,1301900.0
1999-03-12,68.88,70.0,68.69,1583000.0
1999-03-15,68.0,68.38,67.44,1583900.0
1999-03-16,66.94,68.13,66.94,869400.0
1999-03-17,67.63,67.75,66.56,1240700.0
1999-03-18,69.63,69.81,68.38,1121800.0
1999-03-19,69.25,69.94,68.88,982800.0
1999-03-22,67.69,69.75,67.69,1497700.0
1999-03-23,65.94,68.56,65.88,2468000.0
1999-03-24,65.81,66.75,65.0,1722000.0
1999-03-25,65.75,65.94,65.06,962100.0
1999-03-26,65.06,65.69,64.63,1491300.0
1999-03-29,66.19,67.0,65.06,879500.0
1999-03-30,65.0,66.0,64.75,771100.0
1999-03-31,64.25,65.5,63.0,1260000.0
1999-04-01,64.44,64.94,63.69,1374500.0
1999-04-05,63.13,64.75,62.88,2086000.0
1999-04-06,63.06,64.19,63.06,886400.0
1999-04-07,62.56,63.94,61.5,878100.0
1999-04-08,63.94,65.06,62.63,750600.0
1999-04-09,64.06,64.5,63.19,473300.0
1999-04-12,62.0,64.0,61.0,1674000.0
1999-04-13,65.94,66.44,63.38,2152000.0
1999-04-14,67.38,68.0,66.19,1349800.0
1999-04-15,69.0,69.44,67.44,2517000.0
1999-04-16,69.5,69.88,68.19,1265500.0
1999-04-19,68.0,69.81,67.0,1458600.0
1999-04-20,66.63,68.94,66.38,1133200.0
1999-04-21,66.69,67.63,66.13,539600.0
1999-04-22,68.75,68.88,65.69,928000.0
1999-04-23,69.0,69.25,68.5,991500.0
1999-04-26,68.63,68.94,68.25,553900.0
1999-04-27,70.0,70.31,68.75,2852000.0
1999-04-28,72.0,72.88,70.19,2289000.0
1999-04-29,74.0,74.06,71.56,1316600.0
1999-04-30,75.25,75.69,73.25,2712000.0
1999-05-03,75.69,76.38,74.25,1173100.0
1999-05-04,76.19,76.75,74.94,1024700.0
1999-05-05,76.94,77.0,74.19,1413400.0
1999-05-06,76.0,76.88,75.38,893900.0
1999-05-07,76.25,76.44,75.69,1033500.0
1999-05-10,75.19,76.13,74.06,705500.0
1999-05-11,75.13,75.63,73.63,1419700.0
1999-05-12,74.5,75.13,73.0,1101600.0
1999-05-13,74.56,76.13,74.19,807200.0
1999-05-14,72.75,74.31,72.5,1077000.0
1999-05-17,73.5,74.25,71.94,611600.0
1999-05-18,72.56,73.56,72.38,565700.0
1999-05-19,73.0,73.94,72.75,567700.0
1999-05-20,74.06,74.94,73.5,1441300.0
1999-05-21,73.31,74.5,73.19,1050400.0
1999-05-24,72.13,74.31,72.13,741500.0
1999-05-25,72.88,74.06,72.38,1553400.0
1999-05-26,73.0,73.38,71.0,1249400.0
1999-05-27,70.5,72.75,70.44,1115800.0
1999-05-28,71.38,71.75,70.5,1063100.0
1999-06-01,72.5,72.5,71.56,1233000.0
1999-06-02,74.88,76.5,72.38,1787000.0
1999-06-03,76.44,76.88,74.81,870000.0
1999-06-04,78.94,78.94,76.19,998600.0
1999-06-07,77.94,78.38,77.5,1469700.0
1999-06-08,77.31,78.38,77.06,476300.0
1999-06-09,78.31,78.81,77.13,1118100.0
1999-06-10,78.56,79.44,76.0,1025000.0
1999-06-11,80.88,81.38,79.0,2092000.0
1999-06-14,82.19,82.94,81.25,1572300.0
1999-06-15,79.44,82.25,79.25,1471400.0
1999-06-16,78.38,79.94,78.19,1608400.0
1999-06-17,79.19,79.44,78.0,699100.0
1999-06-18,77.88,79.19,77.69,1054100.0
1999-06-21,76.63,78.0,76.5,902100.0
1999-06-22,77.0,77.81,75.88,802900.0
1999-06-23,77.31,77.56,76.25,760900.0
1999-06-24,77.25,77.5,75.94,1010700.0
1999-06-25,77.0,77.69,76.56,964500.0
1999-06-28,79.44,79.5,77.63,1312500.0
1999-06-29,81.19,81.19,78.19,1091100.0
1999-06-30,81.75,81.75,79.19,1498500.0
1999-07-01,81.13,81.38,80.0,1072800.0
1999-07-02,81.25,81.94,80.0,927400.0
1999-07-06,83.88,84.19,81.13,1862000.0
1999-07-07,83.63,83.81,83.0,1602100.0
1999-07-08,84.5,84.94,83.5,1342100.0
1999-07-09,86.38,86.5,84.75,1696000.0
1999-07-12,85.13,86.94,85.0,823800.0
1999-07-13,84.0,85.0,83.0,1726000.0
1999-07-14,82.56,84.5,82.38,1027400.0
1999-07-15,81.94,82.81,81.63,2027000.0
1999-07-16,84.0,84.63,81.94,2738000.0
1999-07-19,85.31,85.94,83.75,734900.0
1999-07-20,85.56,86.69,84.13,1130900.0
1999-07-21,85.25,85.81,84.63,1072500.0
1999-07-22,83.88,85.5,83.56,995200.0
1999-07-23,83.88,84.63,83.88,829700.0
1999-07-26,83.94,84.63,83.88,602800.0
1999-07-27,83.81,84.44,83.38,667400.0
1999-07-28,84.0,84.19,83.19,563500.0
1999-07-29,84.06,84.5,83.38,750200.0
1999-07-30,85.19,85.19,84.13,714600.0
1999-08-02,84.06,85.63,83.88,935500.0
1999-08-03,84.25,84.69,83.38,704000.0
1999-08-04,84.75,85.75,84.0,776100.0
1999-08-05,85.44,85.75,84.38,835000.0
1999-08-06,86.81,86.88,84.75,604800.0
1999-08-09,88.13,89.0,86.25,838900.0
1999-08-10,88.56,89.44,87.75,838700.0
1999-08-11,88.03,88.56,86.5,785800.0
1999-08-12,86.0,87.63,86.0,583400.0
1999-08-13,87.69,87.75,85.19,595400.0
1999-08-16,43.88,44.69,43.44,866100.0
1999-08-17,44.31,44.56,43.5,809500.0
1999-08-18,43.69,44.56,43.31,1003800.0
1999-08-19,43.75,43.88,42.94,923200.0
1999-08-20,43.94,44.19,43.25,1244700.0
1999-08-23,44.25,44.5,43.88,1444000.0
1999-08-24,43.88,44.63,43.31,1486700.0
1999-08-25,43.13,43.88,42.31,1881000.0
1999-08-26,42.06,43.44,41.0,3174000.0
1999-08-27,42.38,42.69,41.88,1361100.0
1999-08-30,41.25,42.81,41.0,1355800.0
1999-08-31,41.88,42.44,41.0,1722000.0
1999-09-01,41.31,42.31,40.56,1405900.0
1999-09-02,40.19,41.06,39.0,1389500.0
1999-09-03,41.5,41.63,40.69,1540300.0
1999-09-07,41.38,42.38,41.0,1630100.0
1999-09-08,40.44,41.25,40.13,1783000.0
1999-09-09,42.25,42.88,40.31,1823000.0
1999-09-10,42.81,43.25,42.5,1308500.0
1999-09-13,41.94,42.56,41.69,785900.0
1999-09-14,41.94,42.13,41.13,1007000.0
1999-09-15,41.63,42.56,41.25,1156400.0
1999-09-16,41.69,41.94,40.38,980200.0
1999-09-17,42.25,42.25,41.0,1516800.0
1999-09-20,41.25,42.25,40.13,1442800.0
1999-09-21,39.5,41.0,38.31,2158000.0
1999-09-22,39.5,40.5,39.13,2121000.0
1999-09-23,39.0,39.5,38.13,2245000.0
1999-09-24,39.81,39.94,38.13,2020000.0
1999-09-27,38.88,39.81,38.75,1213800.0
1999-09-28,39.25,39.44,38.06,1767000.0
1999-09-29,39.5,40.94,39.31,862000.0
1999-09-30,41.06,41.38,39.75,1126300.0
1999-10-01,40.94,41.63,40.25,1154700.0
1999-10-04,40.19,40.56,39.25,1478500.0
1999-10-05,40.0,41.06,39.38,1680000.0
1999-10-06,38.38,40.25,37.94,2364000.0
1999-10-07,37.0,38.44,36.81,3054000.0
1999-10-08,38.94,39.5,37.25,2343000.0
1999-10-11,38.88,40.0,38.13,2074000.0
1999-10-12,38.81,40.25,38.5,2406000.0
1999-10-13,40.06,40.38,38.25,2112000.0
1999-10-14,39.06,39.81,38.69,2072000.0
1999-10-15,38.25,39.19,37.88,1945000.0
1999-10-18,38.19,38.5,37.5,1609400.0
1999-10-19,39.25,40.0,38.38,1620200.0
1999-10-20,39.25,39.5,38.56,1076900.0
1999-10-21,38.31,39.13,37.5,1213000.0
1999-10-22,39.06,39.19,37.06,2414000.0
1999-10-25,37.25,39.06,36.69,2034000.0
1999-10-26,37.69,38.25,36.81,1616100.0
1999-10-27,39.31,39.94,37.69,2011000.0
1999-10-28,40.31,40.63,39.94,1616000.0
1999-10-29,39.94,40.94,39.31,1599100.0
1999-11-01,37.69,40.0,37.0,1991000.0
1999-11-02,38.25,38.75,37.5,2405000.0
1999-11-03,40.0,40.0,38.5,1862000.0
1999-11-04,38.56,39.88,38.38,1339800.0
1999-11-05,37.94,39.25,37.31,1221300.0
1999-11-08,38.38,39.75,38.0,1736000.0
1999-11-09,39.25,39.56,38.5,1444600.0
1999-11-10,40.81,40.94,39.44,1917000.0
1999-11-11,41.88,42.19,40.94,2401000.0
1999-11-12,42.63,42.69,41.75,1517000.0
1999-11-15,42.31,43.06,41.88,1052600.0
1999-11-16,41.06,43.0,40.75,2339000.0
1999-11-17,40.44,41.94,40.25,2281000.0
1999-11-18,40.25,40.75,40.0,2850000.0
1999-11-19,39.0,39.69,39.0,2147000.0
1999-11-22,37.0,39.13,35.56,3850000.0
1999-11-23,35.42,37.0,34.88,4393000.0
1999-11-24,38.69,38.94,36.0,5577000.0
1999-11-26,37.75,38.63,37.75,1211800.0
1999-11-29,37.75,38.38,37.31,2645000.0
1999-11-30,38.06,38.25,37.5,3113000.0
1999-12-01,37.73,38.0,37.5,1401300.0
1999-12-02,37.88,38.06,37.5,1580100.0
1999-12-03,37.88,38.31,37.69,2394000.0
1999-12-06,37.63,37.75,37.44,1646000.0
1999-12-07,36.19,37.63,35.13,2349000.0
1999-12-08,36.44,37.06,35.56,1499700.0
1999-12-09,38.94,39.25,36.94,2325000.0
1999-12-10,37.44,39.0,37.06,1644000.0
1999-12-13,37.13,38.25,36.88,1403800.0
1999-12-14,36.63,38.25,36.19,2036000.0
1999-12-15,37.38,38.0,36.25,2621000.0
1999-12-16,37.0,37.63,36.38,2331000.0
1999-12-17,41.0,41.0,37.44,5103000.0
1999-12-20,40.5,41.63,40.0,2847000.0
1999-12-21,40.5,40.75,39.94,2032000.0
1999-12-22,40.25,40.94,39.94,1355200.0
1999-12-23,40.06,40.94,39.69,1598000.0
1999-12-27,42.69,43.38,40.69,2282000.0
1999-12-28,42.88,43.0,41.75,1488400.0
1999-12-29,43.31,44.25,42.25,1204400.0
1999-12-30,44.25,44.88,43.25,894300.0
1999-12-31,44.38,44.38,42.56,682100.0
2000-01-03,43.44,44.56,42.0,1770000.0
2000-01-04,42.5,43.13,41.38,2254000.0
2000-01-05,44.0,44.0,41.56,2231000.0
2000-01-06,47.94,49.63,43.75,4351000.0
2000-01-07,49.06,50.25,47.19,3567000.0
2000-01-10,47.31,49.31,46.88,1914000.0
2000-01-11,47.63,48.5,46.94,2561000.0
2000-01-12,51.5,52.5,47.13,4451000.0
2000-01-13,53.38,54.38,51.0,2960000.0
2000-01-14,56.38,57.19,53.44,3248000.0
2000-01-18,55.5,56.56,54.25,3736000.0
2000-01-19,53.5,55.75,52.63,2828000.0
2000-01-20,67.25,67.5,54.38,10810000.0
2000-01-21,71.63,73.06,70.0,13441000.0
2000-01-24,65.0,71.69,63.81,7484000.0
2000-01-25,61.25,65.31,59.0,4439000.0
2000-01-26,61.13,63.88,61.0,5194000.0
2000-01-27,61.0,62.63,60.0,2621000.0
2000-01-28,60.19,62.75,59.75,2828000.0
2000-01-31,67.88,67.88,59.44,4275000.0
2000-02-01,64.5,67.5,64.0,3446000.0
2000-02-02,62.88,66.81,62.69,2850000.0
2000-02-03,63.69,64.5,61.19,3014000.0
2000-02-04,61.75,66.44,61.56,2681000.0
2000-02-07,62.5,64.31,61.75,1686000.0
2000-02-08,66.13,67.19,63.75,2440000.0
2000-02-09,66.44,68.25,66.31,2604000.0
2000-02-10,67.63,69.69,67.13,2266000.0
2000-02-11,65.88,68.19,64.56,1277000.0
2000-02-14,67.81,68.44,66.19,1690000.0
2000-02-15,68.94,69.44,67.38,2033000.0
2000-02-16,69.88,70.75,68.94,2694000.0
2000-02-17,70.31,72.0,70.0,2303000.0
2000-02-18,69.19,70.5,68.56,3079000.0
2000-02-22,66.0,70.88,66.0,2807000.0
2000-02-23,65.44,66.19,64.5,2969000.0
2000-02-24,65.56,67.94,63.69,2577000.0
2000-02-25,65.63,67.69,62.0,2055000.0
2000-02-28,64.81,65.94,62.25,2052000.0
2000-02-29,68.75,69.5,64.81,2159000.0
2000-03-01,69.0,69.5,67.06,1896000.0
2000-03-02,68.38,69.38,67.81,2019000.0
2000-03-03,68.5,68.94,67.0,1483600.0
2000-03-06,68.75,70.69,67.63,2194000.0
2000-03-07,71.31,72.44,68.94,3495000.0
2000-03-08,67.19,69.63,66.0,3023000.0
2000-03-09,65.94,67.81,63.25,2392000.0
2000-03-10,68.13,69.94,67.0,3055000.0
2000-03-13,66.0,66.88,63.88,2231000.0
2000-03-14,65.19,66.0,64.19,2073000.0
2000-03-15,68.44,69.0,65.88,3000000.0
2000-03-16,69.44,69.69,67.19,2401000.0
2000-03-17,69.25,70.5,67.75,2560000.0
2000-03-20,68.56,71.44,68.31,1864000.0
2000-03-21,71.75,72.0,68.0,2503000.0
2000-03-22,75.06,76.5,71.5,5024000.0
2000-03-23,73.75,75.31,72.69,2638000.0
2000-03-24,72.0,74.25,70.44,1726000.0
2000-03-27,75.31,76.81,73.5,3344000.0
2000-03-28,72.81,76.44,72.81,2288000.0
2000-03-29,76.5,77.81,73.5,2495000.0
2000-03-30,72.06,78.06,71.75,3092000.0
2000-03-31,74.88,75.75,72.0,2931000.0
2000-04-03,73.56,76.88,73.56,2154000.0
2000-04-04,65.44,74.44,62.5,7280000.0
2000-04-05,66.56,68.38,64.81,3969000.0
2000-04-06,67.94,68.56,65.0,2909000.0
2000-04-07,69.94,70.94,69.25,2163000.0
2000-04-10,70.25,71.25,69.25,1865000.0
2000-04-11,68.31,70.5,67.25,2366000.0
2000-04-12,71.13,74.25,70.5,4339000.0
2000-04-13,73.81,74.0,70.88,3968000.0
2000-04-14,69.0,72.06,66.0,3336000.0
2000-04-17,65.75,68.25,63.0,3991000.0
2000-04-18,68.0,68.75,65.06,2656000.0
2000-04-19,70.5,71.5,67.0,3342000.0
2000-04-20,71.0,72.13,70.38,2564000.0
2000-04-24,70.5,71.0,69.13,1376700.0
2000-04-25,73.75,74.13,71.19,2704000.0
2000-04-26,72.94,74.69,72.06,1977000.0
2000-04-27,71.94,72.63,70.75,1778000.0
2000-04-28,69.69,73.0,69.5,1621300.0
2000-05-01,72.31,74.5,70.44,2317000.0
2000-05-02,76.0,76.94,73.56,3594000.0
2000-05-03,74.63,77.0,72.94,2349000.0
2000-05-04,74.38,75.25,73.38,1829000.0
2000-05-05,74.25,74.69,72.56,1185900.0
2000-05-08,75.13,76.25,73.06,1613300.0
2000-05-09,72.56,75.38,71.88,1777000.0
2000-05-10,74.75,75.81,72.63,3336000.0
2000-05-11,77.0,78.94,75.88,4277000.0
2000-05-12,75.56,78.44,74.0,3048000.0
2000-05-15,76.94,78.5,76.0,3145000.0
2000-05-16,77.88,78.75,76.5,2962000.0
2000-05-17,77.5,78.88,75.5,2507000.0
2000-05-18,77.13,78.69,76.19,2070000.0
2000-05-19,76.63,77.25,75.06,1803000.0
2000-05-22,73.25,77.31,72.56,2356000.0
2000-05-23,69.88,74.19,69.5,2189000.0
2000-05-24,67.44,69.88,66.13,4553000.0
2000-05-25,69.0,70.5,68.0,2462000.0
2000-05-26,69.94,71.06,69.13,1411700.0
2000-05-30,69.88,71.06,69.25,1294300.0
2000-05-31,72.88,73.94,70.25,2193000.0
2000-06-01,71.13,73.75,69.75,1673000.0
2000-06-02,69.5,73.31,69.25,2287000.0
2000-06-05,66.0,71.0,65.94,2923000.0
2000-06-06,70.19,71.81,68.06,3861000.0
2000-06-07,71.38,72.0,69.5,1801000.0
2000-06-08,73.06,73.13,71.5,1680000.0
2000-06-09,71.5,74.19,70.5,1348100.0
2000-06-12,73.25,73.56,71.25,1156200.0
2000-06-13,74.0,74.94,73.31,1804000.0
2000-06-14,72.0,74.0,70.19,2389000.0
2000-06-15,71.25,72.19,70.06,2284000.0
2000-06-16,71.59,71.94,70.06,2362000.0
2000-06-19,71.06,72.13,69.44,2215000.0
2000-06-20,72.69,73.0,69.5,2798000.0
2000-06-21,74.19,74.69,71.19,2436000.0
2000-06-22,73.44,74.94,72.31,1689000.0
2000-06-23,73.19,74.38,72.56,1015300.0
2000-06-26,69.63,72.69,68.94,3117000.0
2000-06-27,68.75,70.0,67.63,3891000.0
2000-06-28,68.8,70.75,68.5,1981000.0
2000-06-29,68.5,70.31,68.5,2308000.0
2000-06-30,64.5,69.63,64.5,3995000.0
2000-07-03,68.0,68.81,66.0,1884000.0
2000-07-05,66.44,70.13,65.56,2653000.0
2000-07-06,67.06,68.63,66.63,1766000.0
2000-07-07,67.63,69.0,67.25,1654000.0
2000-07-10,68.88,69.44,67.81,1587500.0
2000-07-11,70.75,71.63,68.88,2410000.0
2000-07-12,71.31,73.31,71.13,2024000.0
2000-07-13,71.5,73.0,71.0,1641000.0
2000-07-14,71.88,73.19,70.69,1599300.0
2000-07-17,72.41,72.63,71.44,1494500.0
2000-07-18,72.5,73.44,71.63,1550300.0
2000-07-19,72.56,73.81,72.06,1967000.0
2000-07-20,71.44,73.38,71.25,1675000.0
2000-07-21,73.0,73.0,71.5,1856000.0
2000-07-24,73.0,74.94,72.63,2867000.0
2000-07-25,71.69,73.63,71.06,2251000.0
2000-07-26,72.33,72.63,70.94,3014000.0
2000-07-27,77.0,77.06,73.25,4381000.0
2000-07-28,75.19,77.5,74.31,2842000.0
2000-07-31,73.75,75.88,72.75,2556000.0
2000-08-01,76.0,76.0,73.56,2220000.0
2000-08-02,77.63,78.25,75.06,2739000.0
2000-08-03,78.02,78.25,75.13,2807000.0
2000-08-04,78.0,79.13,77.06,1987000.0
2000-08-07,80.27,81.06,78.69,4237000.0
2000-08-08,82.44,83.38,80.0,3086000.0
2000-08-09,82.3,83.44,81.0,1945000.0
2000-08-10,80.77,82.5,79.5,1682000.0
2000-08-11,80.25,81.0,79.13,1666000.0
2000-08-14,84.25,84.31,79.25,2595000.0
2000-08-15,82.13,83.94,82.13,2052000.0
2000-08-16,84.02,84.5,82.38,1797000.0
2000-08-17,86.69,86.94,84.38,2953000.0
2000-08-18,86.94,88.0,86.13,2059000.0
2000-08-21,87.88,88.63,87.13,1502600.0
2000-08-22,87.5,88.69,86.81,1556900.0
2000-08-23,90.0,90.75,87.31,2663000.0
2000-08-24,86.0,89.94,85.0,2941000.0
2000-08-25,84.88,86.5,83.88,1979000.0
2000-08-28,86.63,87.0,84.81,1885000.0
2000-08-29,86.25,87.94,86.06,1379700.0
2000-08-30,84.88,86.25,84.75,1484100.0
2000-08-31,84.88,85.94,84.81,2257000.0
2000-09-01,85.33,87.44,85.13,1755000.0
2000-09-05,86.0,86.94,85.0,1717000.0
2000-09-06,84.38,86.44,83.5,4159000.0
2000-09-07,83.0,85.38,82.81,2623000.0
2000-09-08,84.2,84.94,82.69,1432400.0
2000-09-11,86.02,86.31,83.94,2641000.0
2000-09-12,86.13,86.25,84.56,4214000.0
2000-09-13,86.44,86.94,85.13,1615900.0
2000-09-14,86.69,87.25,85.5,2687000.0
2000-09-15,89.44,89.5,86.94,4092000.0
2000-09-18,89.63,90.38,88.5,2691000.0
2000-09-19,84.88,89.94,84.38,3207000.0
2000-09-20,82.17,86.31,80.56,4448000.0
2000-09-21,80.63,81.25,77.0,3126000.0
2000-09-22,83.0,83.06,79.25,2817000.0
2000-09-25,84.44,85.0,82.81,2594000.0
2000-09-26,85.5,86.06,84.19,3081000.0
2000-09-27,87.45,87.75,85.13,1899000.0
2000-09-28,89.25,89.25,87.38,2011000.0
2000-09-29,87.64,89.94,86.0,2358000.0
2000-10-02,86.44,88.69,85.0,2244000.0
2000-10-03,85.56,86.88,85.31,2240000.0
2000-10-04,83.06,85.63,82.5,2777000.0
2000-10-05,83.0,84.06,82.38,2254000.0
2000-10-06,81.63,84.0,81.31,1994000.0
2000-10-09,83.0,83.06,81.0,1609400.0
2000-10-10,81.69,83.75,81.31,2019000.0
2000-10-11,82.81,84.25,81.5,1634800.0
2000-10-12,79.88,83.06,79.5,2289000.0
2000-10-13,79.5,81.25,79.13,2046000.0
2000-10-16,80.0,81.38,79.31,1632500.0
2000-10-17,79.19,82.5,78.88,2340000.0
2000-10-18,78.75,80.5,77.63,2547000.0
2000-10-19,79.0,80.38,79.0,1933000.0
2000-10-20,80.5,81.88,79.5,1803000.0
2000-10-23,82.0,83.63,80.5,2256000.0
2000-10-24,80.19,82.88,79.63,1467800.0
2000-10-25,76.13,80.88,75.5,2148000.0
2000-10-26,77.5,78.31,75.56,2188000.0
2000-10-27,78.88,78.88,77.25,1583200.0
2000-10-30,80.69,81.5,79.25,1831000.0
2000-10-31,82.06,82.44,78.75,2146000.0
2000-11-01,83.25,83.63,82.06,2514000.0
2000-11-02,81.75,83.81,81.5,2688000.0
2000-11-03,77.38,81.5,76.75,3309000.0
2000-11-06,81.56,82.25,77.75,3126000.0
2000-11-07,81.81,83.19,80.5,1959000.0
2000-11-08,82.13,83.06,82.06,1791000.0
2000-11-09,82.94,83.19,82.25,2077000.0
2000-11-10,82.94,83.13,82.44,2236000.0
2000-11-13,79.44,82.31,78.13,2240000.0
2000-11-14,79.56,80.38,79.31,2336000.0
2000-11-15,80.38,80.56,79.31,1900000.0
2000-11-16,81.25,82.31,80.69,1310400.0
2000-11-17,81.5,82.06,79.88,1973000.0
2000-11-20,80.25,81.94,80.0,1869000.0
2000-11-21,80.38,81.44,79.25,1535400.0
2000-11-22,75.56,80.38,75.56,3977000.0
2000-11-24,77.75,79.25,77.25,1128200.0
2000-11-27,78.88,79.56,78.38,1503100.0
2000-11-28,78.44,79.69,78.44,1405100.0
2000-11-29,70.25,79.0,70.25,6429000.0
2000-11-30,64.75,71.63,63.5,10850000.0
2000-12-01,65.5,68.56,64.44,5625000.0
2000-12-04,65.94,68.75,65.25,2310000.0
2000-12-05,68.25,69.13,66.69,3610000.0
2000-12-06,71.94,72.88,67.88,3737000.0
2000-12-07,72.88,73.94,72.0,2813000.0
2000-12-08,73.06,73.56,69.75,3765000.0
2000-12-11,76.5,77.38,73.38,2813000.0
2000-12-12,77.19,77.75,75.19,1892000.0
2000-12-13,74.5,79.75,73.94,2987000.0
2000-12-14,76.5,76.88,73.44,3667000.0
2000-12-15,77.56,79.25,75.75,5185000.0
2000-12-18,79.56,79.75,77.0,2106000.0
2000-12-19,79.75,80.81,79.25,2657000.0
2000-12-20,79.75,80.0,78.06,3092000.0
2000-12-21,79.31,79.81,78.13,2731000.0
2000-12-22,81.19,81.44,78.69,1953000.0
2000-12-26,83.5,84.75,81.44,3058000.0
2000-12-27,82.81,84.75,80.13,3180000.0
2000-12-28,84.63,84.88,82.19,2068000.0
2000-12-29,83.13,84.88,82.13,1814000.0
2001-01-02,79.88,84.06,79.06,3230000.0
2001-01-03,75.06,80.25,75.0,4236000.0
2001-01-04,72.0,73.81,70.19,9174000.0
2001-01-05,71.38,73.5,71.0,5073000.0
2001-01-08,71.25,72.5,70.38,2458000.0
2001-01-09,68.63,72.38,68.0,3865000.0
2001-01-10,68.94,71.19,68.06,3530000.0
2001-01-11,69.44,71.0,68.69,2614000.0
2001-01-12,70.44,71.19,68.81,2456000.0
2001-01-16,68.44,70.5,67.56,4281000.0
2001-01-17,71.13,71.63,66.06,5335000.0
2001-01-18,72.06,72.5,70.38,3440000.0
2001-01-19,70.88,72.75,70.06,3091000.0
2001-01-22,75.06,75.63,73.0,5004000.0
2001-01-23,78.56,78.88,76.5,4950000.0
2001-01-24,79.75,83.0,79.13,7743000.0
2001-01-25,82.0,82.38,79.31,6877000.0
2001-01-26,82.0,82.56,81.13,5742000.0
2001-01-29,80.77,81.32,80.1,3047000.0
2001-01-30,78.5,80.49,78.5,7948000.0
2001-01-31,80.0,80.6,78.75,8745000.0
2001-02-01,78.79,79.75,77.5,4267000.0
2001-02-02,79.98,80.39,78.3,3272000.0
2001-02-05,81.81,82.1,79.8,3440000.0
2001-02-06,80.15,81.65,80.02,3430000.0
2001-02-07,80.35,81.18,79.6,2346000.0
2001-02-08,80.0,81.5,79.6,3391000.0
2001-02-09,80.2,81.45,79.9,1864000.0
2001-02-12,79.8,80.7,79.26,1936000.0
2001-02-13,81.15,81.78,79.02,2524000.0
2001-02-14,80.0,81.49,79.91,2007000.0
2001-02-15,77.9,79.41,75.4,4463000.0
2001-02-16,76.65,78.25,75.02,3235000.0
2001-02-20,75.09,77.07,75.02,2300000.0
2001-02-21,73.09,75.65,73.0,3012000.0
2001-02-22,72.15,73.89,71.31,3219000.0
2001-02-23,71.0,72.08,69.5,3084000.0
2001-02-26,70.56,71.98,69.35,3040000.0
2001-02-27,70.04,71.2,69.4,2915000.0
2001-02-28,68.5,70.0,68.17,4050000.0
2001-03-01,68.68,69.3,67.4,4127000.0
2001-03-02,70.19,70.57,68.24,2245000.0
2001-03-05,70.11,71.26,69.8,2643000.0
2001-03-06,68.87,70.96,68.3,3442000.0
2001-03-07,70.0,70.59,68.85,3724000.0
2001-03-08,70.59,71.36,70.0,2928000.0
2001-03-09,68.84,71.75,68.7,2611000.0
2001-03-12,61.27,68.63,61.0,6018000.0
2001-03-13,62.05,62.9,60.53,5864000.0
2001-03-14,62.75,63.72,59.99,6110000.0
2001-03-15,66.53,67.54,63.7,8063000.0
2001-03-16,62.24,66.54,62.0,4302000.0
2001-03-19,61.8,62.8,61.15,3426000.0
2001-03-20,60.95,62.5,60.94,4211000.0
2001-03-21,55.89,60.27,55.0,9765000.0
2001-03-22,55.02,55.5,51.51,10145000.0
2001-03-23,59.4,61.5,56.1,7705000.0
2001-03-26,61.48,62.05,60.31,4113000.0
2001-03-27,60.46,61.38,59.0,3716000.0
2001-03-28,58.1,59.8,57.03,3487000.0
2001-03-29,55.31,58.24,54.3,5689000.0
2001-03-30,58.1,59.0,55.31,3530000.0
2001-04-02,56.57,59.19,55.7,3001000.0
2001-04-03,54.06,57.25,53.7,3190000.0
2001-04-04,53.72,55.3,53.3,2883000.0
2001-04-05,55.7,56.08,53.6,3895000.0
2001-04-06,53.5,57.0,53.2,4911000.0
2001-04-09,55.96,56.5,53.6,2478000.0
2001-04-10,58.82,59.7,56.34,3675000.0
2001-04-11,58.51,59.96,58.51,3265000.0
2001-04-12,57.3,58.35,57.01,2095000.0
2001-04-16,59.44,59.44,56.68,3631000.0
2001-04-17,60.0,61.37,59.9,4715000.0
2001-04-18,61.62,62.9,60.15,6189000.0
2001-04-19,61.16,61.75,60.1,3698000.0
2001-04-20,59.99,61.95,59.68,3109000.0
2001-04-23,61.65,61.7,60.32,3042000.0
2001-04-24,61.87,62.95,61.6,2779000.0
2001-04-25,62.88,62.99,61.18,2615000.0
2001-04-26,63.66,63.99,63.01,3774000.0
2001-04-27,63.5,63.61,62.18,2061000.0
2001-04-30,62.72,64.75,62.26,2263000.0
2001-05-01,62.41,63.6,61.8,1746000.0
2001-05-02,60.5,63.4,59.5,4178000.0
2001-05-03,58.35,60.2,57.05,3971000.0
2001-05-04,59.48,59.7,58.46,2741000.0
2001-05-07,58.04,59.76,57.49,3433000.0
2001-05-08,56.11,57.82,55.8,4879000.0
2001-05-09,59.2,59.52,48.43,3931000.0
2001-05-10,57.6,58.96,57.15,2437000.0
2001-05-11,58.2,58.5,56.9,2078000.0
2001-05-14,58.75,59.6,57.99,2101000.0
2001-05-15,56.99,59.2,56.9,2901000.0
2001-05-16,55.01,58.1,54.99,7271000.0
2001-05-17,52.2,56.3,52.0,12397000.0
2001-05-18,54.9,55.09,52.6,10047000.0
2001-05-21,54.99,55.32,54.07,5488000.0
2001-05-22,54.95,55.65,54.32,3880000.0
2001-05-23,55.35,56.19,55.07,4817000.0
2001-05-24,54.16,56.01,53.5,4352000.0
2001-05-25,53.0,54.11,52.7,3469000.0
2001-05-29,53.05,54.0,52.6,3668000.0
2001-05-30,53.23,53.38,52.52,3578000.0
2001-05-31,52.91,53.59,52.66,2822000.0
2001-06-01,53.04,53.25,52.35,2577000.0
2001-06-04,54.54,54.95,52.74,3696000.0
2001-06-05,53.75,54.54,52.87,4117000.0
2001-06-06,52.33,53.58,51.97,3844000.0
2001-06-07,50.52,52.06,48.8,8978000.0
2001-06-08,51.13,51.31,49.52,4777000.0
2001-06-11,51.0,51.65,50.09,4364000.0
2001-06-12,50.37,51.37,50.09,3262000.0
2001-06-13,49.92,51.35,49.77,2893000.0
2001-06-14,47.91,49.6,47.35,3577000.0
2001-06-15,47.26,48.65,46.87,4224000.0
2001-06-18,44.7,48.0,44.19,7497000.0
2001-06-19,46.18,46.5,42.35,8026000.0
2001-06-20,45.8,46.5,45.01,6371000.0
2001-06-21,44.05,46.25,43.6,7349000.0
2001-06-22,44.88,45.25,43.76,5619000.0
2001-06-25,44.07,45.16,44.04,3686000.0
2001-06-26,44.19,44.7,43.25,3719000.0
2001-06-27,46.72,47.6,44.31,6645000.0
2001-06-28,48.34,49.1,46.25,5116000.0
2001-06-29,49.0,49.84,47.8,4760000.0
2001-07-02,48.3,49.7,47.5,3678000.0
2001-07-03,48.69,49.1,48.41,1475400.0
2001-07-05,49.94,50.5,48.98,3529000.0
2001-07-06,49.06,51.5,48.59,3654000.0
2001-07-09,49.06,49.98,49.06,3442000.0
2001-07-10,49.22,49.87,49.0,3211000.0
2001-07-11,49.1,49.8,48.23,2780000.0
2001-07-12,49.55,50.8,48.55,4276000.0
2001-07-13,48.78,49.83,47.71,3726000.0
2001-07-16,49.12,50.1,48.94,2284000.0
2001-07-17,49.85,49.9,49.16,2382000.0
2001-07-18,48.97,49.85,47.6,3535000.0
2001-07-19,49.08,49.55,48.79,2561000.0
2001-07-20,48.16,49.25,47.98,3876000.0
2001-07-23,46.66,48.18,46.28,5145000.0
2001-07-24,43.24,46.67,42.0,8063000.0
2001-07-25,44.96,45.15,42.25,6863000.0
2001-07-26,46.84,47.4,44.25,3855000.0
2001-07-27,46.1,46.55,45.0,3138000.0
2001-07-30,45.73,47.04,45.4,2961000.0
2001-07-31,45.35,46.86,45.28,2146000.0
2001-08-01,45.61,46.6,45.41,1983000.0
2001-08-02,45.58,46.1,45.05,1829000.0
2001-08-03,45.36,46.1,44.86,2002000.0
2001-08-06,44.5,45.47,44.15,2370000.0
2001-08-07,43.6,44.68,43.4,2559000.0
2001-08-08,42.85,43.5,42.55,3665000.0
2001-08-09,42.78,43.0,42.0,2302000.0
2001-08-10,42.81,43.55,42.31,1400600.0
2001-08-13,42.15,43.03,42.15,1468800.0
2001-08-14,42.93,43.2,42.02,2010000.0
2001-08-15,40.25,40.25,36.87,29750000.0
2001-08-16,36.85,39.6,36.7,13428000.0
2001-08-17,36.67,37.6,36.3,9422000.0
2001-08-20,36.25,37.25,36.0,4895000.0
2001-08-21,36.88,37.2,36.45,6492000.0
2001-08-22,37.26,37.6,36.3,6472000.0
2001-08-23,36.96,37.44,36.95,3357000.0
2001-08-24,36.35,37.0,36.15,3934000.0
2001-08-27,37.76,37.9,36.35,4962000.0
2001-08-28,38.16,38.62,38.0,5428000.0
2001-08-29,37.3,38.34,37.26,3423000.0
2001-08-30,35.5,37.99,35.24,6162000.0
2001-08-31,34.99,35.8,34.58,4936000.0
2001-09-04,35.0,35.72,34.81,3202000.0
2001-09-05,32.36,35.0,32.18,9216000.0
2001-09-06,30.49,32.52,30.2,9242000.0
2001-09-07,31.57,32.15,30.0,6786000.0
2001-09-10,32.76,32.92,30.62,5493000.0
2001-09-17,30.67,33.0,30.51,6834000.0
2001-09-18,28.08,31.0,28.08,7635000.0
2001-09-19,26.41,28.85,25.5,11533000.0
2001-09-20,28.39,29.25,25.9,6979000.0
2001-09-21,28.3,30.12,27.05,8460000.0
2001-09-24,27.0,29.83,27.0,5061000.0
2001-09-25,27.0,27.73,26.99,5384000.0
2001-09-26,25.15,26.82,24.66,10033000.0
2001-09-27,25.25,25.4,24.46,7251000.0
2001-09-28,27.23,27.6,25.29,6795000.0
2001-10-01,29.15,29.45,27.05,6459000.0
2001-10-02,30.61,30.77,28.7,5732000.0
2001-10-03,33.49,34.44,31.2,7818000.0
2001-10-04,33.1,34.74,32.75,4583000.0
2001-10-05,31.73,34.49,31.58,6716000.0
2001-10-08,33.45,33.65,31.88,3103000.0
2001-10-09,33.39,34.5,33.38,3562000.0
2001-10-10,35.2,35.37,33.65,3227000.0
2001-10-11,36.79,37.5,35.5,6665000.0
2001-10-12,35.81,36.99,34.7,3696000.0
2001-10-15,33.17,35.21,32.94,6267000.0
2001-10-16,33.84,34.9,32.63,8324000.0
2001-10-17,32.2,34.08,32.05,5086000.0
2001-10-18,29.0,31.96,28.78,9301000.0
2001-10-19,26.05,28.22,25.15,15702000.0
2001-10-22,20.65,24.4,19.67,36400000.0
2001-10-23,19.79,23.25,19.62,27840000.0
2001-10-24,16.41,19.74,15.51,75780000.0
2001-10-25,16.35,17.95,16.0,39210000.0
2001-10-26,15.4,16.35,15.04,28320000.0
2001-10-29,13.81,15.55,13.55,36420000.0
2001-10-30,11.16,13.8,10.9,56550000.0
2001-10-31,13.9,14.2,11.75,43630000.0
2001-11-01,11.99,13.17,11.7,30720000.0
2001-11-02,11.3,11.85,10.91,28510000.0
2001-11-05,11.17,12.2,11.02,23340000.0
2001-11-06,9.67,11.15,9.38,44930000.0
2001-11-07,9.05,9.55,7.0,111470000.0
2001-11-08,8.41,10.0,8.19,60870000.0
2001-11-09,8.63,9.28,7.21,75480000.0
2001-11-12,9.24,9.85,8.93,42310000.0
2001-11-13,9.98,9.99,9.05,33240000.0
2001-11-14,10.0,10.28,9.6,30230000.0
2001-11-15,9.48,9.87,9.25,20610000.0
2001-11-16,9.0,9.38,8.93,16590000.0
2001-11-19,9.06,9.07,8.5,17850000.0
2001-11-20,6.99,8.3,6.55,89900000.0
2001-11-21,5.01,7.0,4.55,115642000.0
2001-11-23,4.71,5.15,4.55,40700000.0
2001-11-26,4.01,4.85,3.76,66860000.0
2001-11-27,4.11,4.5,3.83,68840000.0
2001-11-28,0.61,3.9,0.6,340830016.0
2001-11-29,0.36,0.52,0.3,256454000.0
2001-11-30,0.26,0.38,0.25,173598000.0
2001-12-03,0.4,0.45,0.26,164240000.0
2001-12-04,0.87,0.96,0.58,288590016.0
2001-12-05,1.01,1.26,0.94,234876000.0
2001-12-06,0.66,0.9,0.6,129482000.0
2001-12-07,0.75,0.84,0.67,59284000.0
2001-12-10,0.81,0.9,0.79,58436000.0
2001-12-11,0.72,0.86,0.71,45070000.0
2001-12-12,0.66,0.78,0.51,84285000.0
2001-12-13,0.66,0.69,0.6,30535000.0
2001-12-14,0.63,0.67,0.59,18385000.0
2001-12-17,0.57,0.64,0.55,30933000.0
2001-12-18,0.5,0.59,0.5,33141000.0
2001-12-19,0.44,0.51,0.41,39169000.0
2001-12-20,0.42,0.44,0.4,21422000.0
2001-12-21,0.53,0.59,0.45,36114000.0
2001-12-24,0.65,0.65,0.57,18791000.0
2001-12-26,0.65,0.74,0.65,32005000.0
2001-12-27,0.6,0.68,0.56,26302000.0
2001-12-28,0.6,0.61,0.56,18203000.0
2001-12-31,0.6,0.6,0.55,20240000.0
2002-01-02,0.63,0.64,0.58,20435000.0
2002-01-03,0.64,0.69,0.63,19915000.0
2002-01-04,0.66,0.69,0.65,17320000.0
2002-01-07,0.68,0.7,0.67,16492000.0
2002-01-08,0.73,0.74,0.7,24471000.0
2002-01-09,0.79,0.81,0.76,28912000.0
2002-01-10,0.67,0.78,0.61,38752000.0
2002-01-11,0.12,1.13,0.12,
2002-01-15,0.5,0.5,0.22,1029400.0
2002-01-16,0.305,0.32,0.25,53342000.0
2002-01-17,0.38,0.38,0.27,29315000.0
2002-01-18,0.515,0.575,0.35,40183000.0
2002-01-22,0.435,0.54,0.39,24017200.0
2002-01-23,0.34,0.415,0.33,19865600.0
2002-01-24,0.45,0.5,0.33,19133000.0
2002-01-25,0.485,0.5,0.42,21692700.0
2002-01-28,0.445,0.485,0.42,15408700.0
2002-01-29,0.425,0.44,0.105,17322900.0
2002-01-30,0.405,0.455,0.4,14402100.0
2002-01-31,0.415,0.44,0.32,11980200.0
2002-02-01,0.3975,0.41,0.38,7852400.0
2002-02-04,0.35,0.39,0.32,10819000.0
2002-02-05,0.325,0.56,0.305,13473700.0
2002-02-06,0.292,0.335,0.26,13051300.0
2002-02-07,0.349,0.47,0.28,10024400.0
2002-02-08,0.378,0.395,0.36,7380900.0
2002-02-11,0.342,0.382,0.31,6858900.0
2002-02-12,0.337,0.366,0.31,5100300.0
2002-02-13,0.28,0.315,0.24,34989000.0
2002-02-14,0.255,0.28,0.23,12922400.0
2002-02-15,0.265,0.265,0.23,7471800.0
2002-02-19,0.245,0.265,0.225,11761800.0
2002-02-20,0.22,0.245,0.22,11811400.0
2002-02-21,0.202,0.223,0.2,13238600.0
2002-02-22,0.182,0.211,0.006,13913700.0
2002-02-25,0.25,0.255,0.165,16053400.0
2002-02-26,0.275,0.28,0.245,7723700.0
2002-02-27,0.275,0.285,0.245,7740500.0
2002-02-28,0.275,0.279,0.25,5062200.0
2002-03-01,0.275,0.28,0.25,3100700.0
2002-03-04,0.26,0.275,0.22,4953400.0
2002-03-05,0.25,0.26,0.23,6376400.0
2002-03-06,0.245,0.255,0.21,3303700.0
2002-03-07,0.245,0.255,0.236,5411700.0
2002-03-08,0.24,0.41,0.235,4666900.0
2002-03-11,0.255,0.255,0.2327,6317000.0
2002-03-12,0.25,0.26,0.23,3356700.0
2002-03-13,0.245,0.26,0.24,3053600.0
2002-03-14,0.25,0.255,0.2,2747500.0
2002-03-15,0.245,0.255,0.23,3102500.0
2002-03-18,0.245,0.254,0.23,5609200.0
2002-03-19,0.237,0.245,0.237,3389100.0
2002-03-20,0.21,0.235,0.21,5640800.0
2002-03-21,0.21,0.28,0.205,3661900.0
2002-03-22,0.21,0.22,0.2,4550100.0
2002-03-25,0.21,0.3,0.19,2191000.0
2002-03-26,0.2,0.21,0.2,3204800.0
2002-03-27,0.195,0.2,0.18,3438100.0
2002-03-28,0.195,0.195,0.18,4738400.0
2002-04-01,0.23,0.24,0.19,4199700.0
2002-04-02,0.25,0.255,0.225,5652300.0
2002-04-03,0.275,0.285,0.25,5295900.0
2002-04-04,0.285,0.29,0.25,4575700.0
2002-04-05,0.33,0.335,0.28,8399100.0
2002-04-08,0.32,0.34,0.305,6638100.0
2002-04-09,0.29,0.33,0.28,5275100.0
2002-04-10,0.27,0.34,0.265,3581700.0
2002-04-11,0.255,0.28,0.251,3177400.0
2002-04-12,0.24,0.26,0.23,5531000.0
2002-04-15,0.22,0.3,0.21,3228800.0
2002-04-16,0.245,0.255,0.215,2960400.0
2002-04-17,0.245,0.255,0.23,1823700.0
2002-04-18,0.24,0.28,0.235,2634200.0
2002-04-19,0.235,0.25,0.23,1341600.0
2002-04-22,0.24,0.26,0.225,2744300.0
2002-04-23,0.2225,0.25,0.215,4631600.0
2002-04-24,0.215,0.24,0.205,2843500.0
2002-04-25,0.21,0.25,0.205,2469800.0
2002-04-26,0.207,0.215,0.2,4058900.0
2002-04-29,0.2,0.225,0.19,2302900.0
2002-04-30,0.2,0.205,0.04,3913100.0
2002-05-01,0.201,0.209,0.197,2510900.0
2002-05-02,0.223,0.229,0.2,5391500.0
2002-05-03,0.217,0.23,0.21,6306400.0
2002-05-06,0.221,0.23,0.22,4101900.0
2002-05-07,0.204,0.223,0.2,5191500.0
2002-05-08,0.19,0.22,0.15,6670600.0
2002-05-09,0.198,0.198,0.18,2260200.0
2002-05-10,0.2,0.21,0.187,2943700.0
2002-05-13,0.19,0.197,0.18,2112300.0
2002-05-14,0.189,0.21,0.18,1902600.0
2002-05-15,0.189,0.19,0.072,3126100.0
2002-05-16,0.176,0.21,0.176,3174200.0
2002-05-17,0.174,0.18,0.17,2371400.0
2002-05-20,0.16,0.19,0.152,4405100.0
2002-05-21,0.156,0.54,0.15,3401500.0
2002-05-22,0.17,0.19,0.153,3966800.0
2002-05-23,0.168,0.175,0.165,1609300.0
2002-05-24,0.17,0.175,0.165,1056100.0
2002-05-28,0.17,0.179,0.017,2213800.0
2002-05-29,0.165,0.17,0.16,1845600.0
2002-05-30,0.167,0.169,0.16,1453800.0
2002-05-31,0.168,0.171,0.16,1128500.0
2002-06-03,0.167,0.17,0.167,1775000.0
2002-06-04,0.168,0.18,0.165,3789500.0
2002-06-05,0.16,0.175,0.16,2189300.0
2002-06-06,0.16,0.163,0.0156,2303500.0
2002-06-07,0.152,0.159,0.15,2717100.0
2002-06-10,0.15,0.154,0.145,2930500.0
2002-06-11,0.14,0.156,0.14,1931700.0
2002-06-12,0.131,0.141,0.126,3646600.0
2002-06-13,0.116,0.132,0.115,3371900.0
2002-06-14,0.111,0.117,0.109,3068600.0
2002-06-17,0.105,0.11,0.1,2769900.0
2002-06-18,0.106,0.11,0.0925,5888900.0
2002-06-19,0.115,0.12,0.105,3780200.0
2002-06-20,0.114,0.116,0.103,2688200.0
2002-06-21,0.113,0.12,0.1,2328400.0
2002-06-24,0.113,0.115,0.11,4084900.0
2002-06-25,0.112,0.12,0.112,2620500.0
2002-06-26,0.112,0.114,0.1,8167800.0
2002-06-27,0.113,0.115,0.11,4765600.0
2002-06-28,0.106,0.115,0.09,4973800.0
2002-07-01,0.105,0.109,0.103,2832200.0
2002-07-02,0.09,0.105,0.0021,8223500.0
2002-07-03,0.083,0.83,0.0085,3188300.0
2002-07-05,0.089,0.11,0.08,2392500.0
2002-07-08,0.091,0.091,0.087,2327200.0
2002-07-09,0.09,0.092,0.088,2244300.0
2002-07-10,0.088,0.091,0.087,1383900.0
2002-07-11,0.092,0.097,0.088,3401700.0
2002-07-12,0.095,0.095,0.08,2019500.0
2002-07-15,0.095,0.096,0.092,2348700.0
2002-07-16,0.098,0.098,0.092,1819800.0
2002-07-17,0.095,0.097,0.094,2384200.0
2002-07-18,0.095,0.097,0.086,1615400.0
2002-07-19,0.095,0.099,0.0093,2164400.0
2002-07-22,0.09,0.095,0.09,2244200.0
2002-07-23,0.09,0.1,0.089,2496700.0
2002-07-24,0.092,0.095,0.089,2379500.0
2002-07-25,0.1,0.101,0.092,4088800.0
2002-07-26,0.1,0.107,0.1,2492900.0
2002-07-29,0.104,0.106,0.099,2665400.0
2002-07-30,0.109,0.109,0.095,1590900.0
2002-07-31,0.114,0.145,0.1,1759700.0
2002-08-01,0.146,0.156,0.05,5590900.0
2002-08-02,0.194,0.199,0.154,5896500.0
2002-08-05,0.168,0.215,0.168,5895000.0
2002-08-06,0.15,0.175,0.065,4379400.0
2002-08-07,0.144,0.152,0.141,1725600.0
2002-08-08,0.169,0.169,0.143,1565100.0
2002-08-09,0.156,0.169,0.15,2272400.0
2002-08-12,0.157,0.162,0.153,1226500.0
2002-08-13,0.16,0.17,0.15,18140.0
2002-08-14,0.157,0.165,0.156,1300500.0
2002-08-15,0.157,0.16,0.155,1330200.0
2002-08-16,0.168,0.171,0.12,2096300.0
2002-08-19,0.173,0.175,0.166,2104200.0
2002-08-20,0.16,0.175,0.16,1895100.0
2002-08-21,0.17,0.174,0.158,2689200.0
2002-08-22,0.193,0.2,0.17,3356100.0
2002-08-23,0.22,0.224,0.19,5494500.0
2002-08-26,0.28,0.285,0.22,9020600.0
2002-08-27,0.1914,0.28,0.1914,9407900.0
2002-08-28,0.183,0.187,0.0172,8717600.0
2002-08-29,0.2,0.205,0.182,1909500.0
2002-08-30,0.225,0.26,0.2,2934500.0
2002-09-03,0.205,0.238,0.2,3557900.0
2002-09-04,0.199,0.265,0.195,3637700.0
2002-09-05,0.186,0.193,0.18,2555500.0
2002-09-06,0.18,0.188,0.18,1611100.0
2002-09-09,0.175,0.185,0.17,1715900.0
2002-09-10,0.176,0.18,0.16,1959000.0
2002-09-11,0.179,0.179,0.173,1079400.0
2002-09-12,0.172,0.178,0.168,1646400.0
2002-09-13,0.16,0.165,0.15,2580300.0
2002-09-16,0.152,0.155,0.151,1964700.0
2002-09-17,0.146,0.154,0.146,2036600.0
2002-09-18,0.142,0.148,0.137,1850800.0
2002-09-19,0.131,0.143,0.131,1395600.0
2002-09-20,0.133,0.135,0.127,1465300.0
2002-09-23,0.13,0.133,0.125,1351900.0
2002-09-24,0.118,0.13,0.111,2208800.0
2002-09-25,0.124,0.127,0.118,1558800.0
2002-09-26,0.132,0.148,0.124,2363300.0
2002-09-27,0.127,0.135,0.0127,960100.0
2002-09-30,0.113,0.128,0.1,1408800.0
2002-10-01,0.114,0.115,0.111,715100.0
2002-10-02,0.112,0.118,0.1,856400.0
2002-10-03,0.112,0.115,0.1,1124100.0
2002-10-04,0.11,0.113,0.11,1037300.0
2002-10-07,0.103,0.111,0.102,1765600.0
2002-10-08,0.1,0.103,0.1,1413400.0
2002-10-09,0.099,0.102,0.09,2205800.0
2002-10-10,0.107,0.108,0.099,2544100.0
2002-10-11,0.125,0.129,0.105,2479200.0
2002-10-14,0.12,0.128,0.118,1493600.0
2002-10-15,0.124,0.125,0.12,1628600.0
2002-10-16,0.121,0.123,0.117,1434300.0
2002-10-17,0.112,0.122,0.111,1971800.0
2002-10-18,0.113,0.118,0.0109,1377100.0
2002-10-21,0.107,0.113,0.106,1082800.0
2002-10-22,0.107,0.11,0.09,1058000.0
2002-10-23,0.106,0.11,0.102,1607600.0
2002-10-24,0.102,0.108,0.1,1355600.0
2002-10-25,0.104,0.104,0.1,975500.0
2002-10-28,0.101,0.104,0.1,1762600.0
2002-10-29,0.1,0.103,0.1,2872800.0
2002-10-30,0.1001,0.102,0.09,1540300.0
2002-10-31,0.102,0.102,0.1,1312400.0
2002-11-01,0.103,0.103,0.097,2695900.0
2002-11-04,0.101,0.11,0.1,1584200.0
2002-11-05,0.1,0.102,0.01,1350000.0
2002-11-06,0.096,0.102,0.094,1797300.0
2002-11-07,0.09,0.1,0.089,1738000.0
2002-11-08,0.09,0.9,0.088,1395700.0
2002-11-11,0.091,0.091,0.089,1579000.0
2002-11-12,0.089,0.092,0.089,2471800.0
2002-11-13,0.086,0.09,0.085,2094400.0
2002-11-14,0.091,0.096,0.085,3111800.0
2002-11-15,0.092,0.11,0.09,2195400.0
2002-11-18,0.12,0.26,0.09,4734900.0
2002-11-19,0.15,0.158,0.11,6554000.0
2002-11-20,0.155,0.17,0.15,8944800.0
2002-11-21,0.122,0.158,0.1,7191500.0
2002-11-22,0.112,0.125,0.092,1711000.0
2002-11-25,0.111,0.19,0.105,2709800.0
2002-11-26,0.121,0.13,0.113,3142000.0
2002-11-27,0.112,0.121,0.111,2395400.0
2002-11-29,0.118,0.127,0.112,1685000.0
2002-12-02,0.116,0.123,0.11,3416700.0
2002-12-03,0.109,0.116,0.109,3565300.0
2002-12-04,0.105,0.109,0.101,3018700.0
2002-12-05,0.102,0.109,0.015,2060400.0
2002-12-06,0.097,0.103,0.0097,6421600.0
2002-12-09,0.096,0.099,0.092,4147500.0
2002-12-10,0.088,0.098,0.08,5645400.0
2002-12-11,0.08,0.09,0.065,5585200.0
2002-12-12,0.085,0.097,0.081,3860900.0
2002-12-13,0.092,0.094,0.086,3801300.0
2002-12-16,0.09,0.1,0.08,3023000.0
2002-12-17,0.082,0.09,0.08,4985000.0
2002-12-18,0.082,0.096,0.08,2642100.0
2002-12-19,0.081,0.81,0.08,3728600.0
2002-12-20,0.082,0.8,0.008,3296600.0
2002-12-23,0.071,0.083,0.071,7766700.0
2002-12-24,0.07,0.074,0.07,3597000.0
2002-12-26,0.064,0.16,0.06,3690400.0
2002-12-27,0.063,0.61,0.061,6275300.0
2002-12-30,0.062,0.065,0.03,9320600.0
2002-12-31,0.062,0.204,0.01,6032000.0
